<?xml version="1.0" encoding="UTF-8" ?>
<configuration>
    <appender name="STDOUT"
              class="ch.qos.logback.core.ConsoleAppender">
        <encoder class="ch.qos.logback.classic.encoder.PatternLayoutEncoder">
            <pattern>%d [%t] %-5p %C.%M\(%L\) -%m%n</pattern>
        </encoder>
    </appender>

	<appender name="FILE" class="ch.qos.logback.core.rolling.RollingFileAppender">
        <File>fix-market.log</File>
        <rollingPolicy class="ch.qos.logback.core.rolling.FixedWindowRollingPolicy">
            <FileNamePattern>fix-market.log.%i.bak</FileNamePattern>
            <MaxHistory>30</MaxHistory>
        </rollingPolicy>

        <triggeringPolicy
            class="ch.qos.logback.core.rolling.SizeBasedTriggeringPolicy">
            <MaxFileSize>100MB</MaxFileSize>
        </triggeringPolicy>
        <layout class="ch.qos.logback.classic.PatternLayout">
            <Pattern>%d [%t] %-5p %C.%M\(%L\) -%m%n</Pattern>
        </layout>
    </appender>
	
	<logger name="com.huobi" level="debug"/>

    <root level="info"> 		
   		<appender-ref ref="FILE"/>
    </root>
    
</configuration>

